{"cameraMode":{"drawMode":0,"name":"Shaded","section":"Shading Mode"},"sceneLighting":true,"audioPlay":false,"sceneViewState":{"showFog":true,"showMaterialUpdate":false,"showSkybox":true,"showFlares":true,"showImageEffects":true,"showParticleSystems":true},"in2DMode":false,"pivot":{"x":28.71297836303711,"y":2.86442494392395,"z":20.586246490478517},"rotation":{"x":-0.08853735029697418,"y":0.8867316246032715,"z":-0.1906788945198059,"w":-0.4117278754711151},"size":2.7803795337677,"orthographic":false}